stubGRPCPeoplePeopleInfoServiceStub P-R,176
stubGRPCPeopleimagePeopleInfoServiceStub PI-R protobuf-String,1251
stubGRPCPeopleimagePeopleInfoServiceStub PI-R protobuf-Bytes,1180
stubGRPCPeopleimagePeopleInfoBServiceStub PIB-R protobuf-Bytes,465
stubGRPCPeoplePeopleInfoServiceStub P-R,151
stubGRPCPeopleimagePeopleInfoServiceStub PI-R protobuf-String,1251
stubGRPCPeopleimagePeopleInfoServiceStub PI-R protobuf-Bytes,1137
stubGRPCPeopleimagePeopleInfoBServiceStub PIB-R protobuf-Bytes,460
stubGRPCPeoplePeopleInfoServiceStub P-R,155
stubGRPCPeopleimagePeopleInfoServiceStub PI-R protobuf-String,1235
stubGRPCPeopleimagePeopleInfoServiceStub PI-R protobuf-Bytes,1144
stubGRPCPeopleimagePeopleInfoBServiceStub PIB-R protobuf-Bytes,456
stubGRPCPeoplePeopleInfoServiceStub P-R,146
stubGRPCPeopleimagePeopleInfoServiceStub PI-R protobuf-String,1304
stubGRPCPeopleimagePeopleInfoServiceStub PI-R protobuf-Bytes,1133
stubGRPCPeopleimagePeopleInfoBServiceStub PIB-R protobuf-Bytes,459
stubGRPCPeoplePeopleInfoServiceStub P-R,146
stubGRPCPeopleimagePeopleInfoServiceStub PI-R protobuf-String,1247
stubGRPCPeopleimagePeopleInfoServiceStub PI-R protobuf-Bytes,1168
stubGRPCPeopleimagePeopleInfoBServiceStub PIB-R protobuf-Bytes,449
stubGRPCPeoplePeopleInfoServiceStub P-R,156
stubGRPCPeopleimagePeopleInfoServiceStub PI-R protobuf-String,1254
stubGRPCPeopleimagePeopleInfoServiceStub PI-R protobuf-Bytes,1178
stubGRPCPeopleimagePeopleInfoBServiceStub PIB-R protobuf-Bytes,467
stubGRPCPeoplePeopleInfoServiceStub P-R,147
stubGRPCPeopleimagePeopleInfoServiceStub PI-R protobuf-String,1254
stubGRPCPeopleimagePeopleInfoServiceStub PI-R protobuf-Bytes,1141
stubGRPCPeopleimagePeopleInfoBServiceStub PIB-R protobuf-Bytes,452
stubGRPCPeoplePeopleInfoServiceStub P-R,148
stubGRPCPeopleimagePeopleInfoServiceStub PI-R protobuf-String,1233
stubGRPCPeopleimagePeopleInfoServiceStub PI-R protobuf-Bytes,1146
stubGRPCPeopleimagePeopleInfoBServiceStub PIB-R protobuf-Bytes,462
stubGRPCPeoplePeopleInfoServiceStub P-R,153
stubGRPCPeopleimagePeopleInfoServiceStub PI-R protobuf-String,1244
stubGRPCPeopleimagePeopleInfoServiceStub PI-R protobuf-Bytes,1130
stubGRPCPeopleimagePeopleInfoBServiceStub PIB-R protobuf-Bytes,528
stubGRPCPeoplePeopleInfoServiceStub P-R,153
stubGRPCPeopleimagePeopleInfoServiceStub PI-R protobuf-String,1233
stubGRPCPeopleimagePeopleInfoServiceStub PI-R protobuf-Bytes,1127
stubGRPCPeopleimagePeopleInfoBServiceStub PIB-R protobuf-Bytes,444
stubGRPCPeoplePeopleInfoServiceStub P-R,144
stubGRPCPeopleimagePeopleInfoServiceStub PI-R protobuf-String,1238
stubGRPCPeopleimagePeopleInfoServiceStub PI-R protobuf-Bytes,1161
stubGRPCPeopleimagePeopleInfoBServiceStub PIB-R protobuf-Bytes,457
stubGRPCPeoplePeopleInfoServiceStub P-R,145
stubGRPCPeopleimagePeopleInfoServiceStub PI-R protobuf-String,1284
stubGRPCPeopleimagePeopleInfoServiceStub PI-R protobuf-Bytes,1142
stubGRPCPeopleimagePeopleInfoBServiceStub PIB-R protobuf-Bytes,491
stubGRPCPeoplePeopleInfoServiceStub P-R,172
stubGRPCPeopleimagePeopleInfoServiceStub PI-R protobuf-String,1339
stubGRPCPeopleimagePeopleInfoServiceStub PI-R protobuf-Bytes,1215
stubGRPCPeopleimagePeopleInfoBServiceStub PIB-R protobuf-Bytes,590
stubGRPCPeoplePeopleInfoServiceStub P-R,212
stubGRPCPeopleimagePeopleInfoServiceStub PI-R protobuf-String,1439
stubGRPCPeopleimagePeopleInfoServiceStub PI-R protobuf-Bytes,1293
stubGRPCPeopleimagePeopleInfoBServiceStub PIB-R protobuf-Bytes,509
stubGRPCPeoplePeopleInfoServiceStub P-R,182
stubGRPCPeopleimagePeopleInfoServiceStub PI-R protobuf-String,1342
stubGRPCPeopleimagePeopleInfoServiceStub PI-R protobuf-Bytes,1156
stubGRPCPeopleimagePeopleInfoBServiceStub PIB-R protobuf-Bytes,466
stubGRPCPeoplePeopleInfoServiceStub P-R,155
stubGRPCPeopleimagePeopleInfoServiceStub PI-R protobuf-String,1230
stubGRPCPeopleimagePeopleInfoServiceStub PI-R protobuf-Bytes,1141
stubGRPCPeopleimagePeopleInfoBServiceStub PIB-R protobuf-Bytes,459
stubGRPCPeoplePeopleInfoServiceStub P-R,145
stubGRPCPeopleimagePeopleInfoServiceStub PI-R protobuf-String,1268
stubGRPCPeopleimagePeopleInfoServiceStub PI-R protobuf-Bytes,1125
stubGRPCPeopleimagePeopleInfoBServiceStub PIB-R protobuf-Bytes,470
stubGRPCPeoplePeopleInfoServiceStub P-R,147
stubGRPCPeopleimagePeopleInfoServiceStub PI-R protobuf-String,1236
stubGRPCPeopleimagePeopleInfoServiceStub PI-R protobuf-Bytes,1198
stubGRPCPeopleimagePeopleInfoBServiceStub PIB-R protobuf-Bytes,488
stubGRPCPeoplePeopleInfoServiceStub P-R,150
stubGRPCPeopleimagePeopleInfoServiceStub PI-R protobuf-String,1236
stubGRPCPeopleimagePeopleInfoServiceStub PI-R protobuf-Bytes,1208
stubGRPCPeopleimagePeopleInfoBServiceStub PIB-R protobuf-Bytes,512
stubGRPCPeoplePeopleInfoServiceStub P-R,147
stubGRPCPeopleimagePeopleInfoServiceStub PI-R protobuf-String,1238
stubGRPCPeopleimagePeopleInfoServiceStub PI-R protobuf-Bytes,1143
stubGRPCPeopleimagePeopleInfoBServiceStub PIB-R protobuf-Bytes,454
stubGRPCPeoplePeopleInfoServiceStub P-R,147
stubGRPCPeopleimagePeopleInfoServiceStub PI-R protobuf-String,1249
stubGRPCPeopleimagePeopleInfoServiceStub PI-R protobuf-Bytes,1146
stubGRPCPeopleimagePeopleInfoBServiceStub PIB-R protobuf-Bytes,464
stubGRPCPeoplePeopleInfoServiceStub P-R,154
stubGRPCPeopleimagePeopleInfoServiceStub PI-R protobuf-String,1230
stubGRPCPeopleimagePeopleInfoServiceStub PI-R protobuf-Bytes,1132
stubGRPCPeopleimagePeopleInfoBServiceStub PIB-R protobuf-Bytes,452
stubGRPCPeoplePeopleInfoServiceStub P-R,144
stubGRPCPeopleimagePeopleInfoServiceStub PI-R protobuf-String,1235
stubGRPCPeopleimagePeopleInfoServiceStub PI-R protobuf-Bytes,1131
stubGRPCPeopleimagePeopleInfoBServiceStub PIB-R protobuf-Bytes,446
stubGRPCPeoplePeopleInfoServiceStub P-R,152
stubGRPCPeopleimagePeopleInfoServiceStub PI-R protobuf-String,1249
stubGRPCPeopleimagePeopleInfoServiceStub PI-R protobuf-Bytes,1135
stubGRPCPeopleimagePeopleInfoBServiceStub PIB-R protobuf-Bytes,453
stubGRPCPeoplePeopleInfoServiceStub P-R,144
stubGRPCPeopleimagePeopleInfoServiceStub PI-R protobuf-String,1228
stubGRPCPeopleimagePeopleInfoServiceStub PI-R protobuf-Bytes,1201
stubGRPCPeopleimagePeopleInfoBServiceStub PIB-R protobuf-Bytes,448
stubGRPCPeoplePeopleInfoServiceStub P-R,141
stubGRPCPeopleimagePeopleInfoServiceStub PI-R protobuf-String,1236
stubGRPCPeopleimagePeopleInfoServiceStub PI-R protobuf-Bytes,1164
stubGRPCPeopleimagePeopleInfoBServiceStub PIB-R protobuf-Bytes,457
stubGRPCPeoplePeopleInfoServiceStub P-R,151
stubGRPCPeopleimagePeopleInfoServiceStub PI-R protobuf-String,1239
stubGRPCPeopleimagePeopleInfoServiceStub PI-R protobuf-Bytes,1143
stubGRPCPeopleimagePeopleInfoBServiceStub PIB-R protobuf-Bytes,455
stubGRPCPeoplePeopleInfoServiceStub P-R,141
stubGRPCPeopleimagePeopleInfoServiceStub PI-R protobuf-String,1242
stubGRPCPeopleimagePeopleInfoServiceStub PI-R protobuf-Bytes,1144
stubGRPCPeopleimagePeopleInfoBServiceStub PIB-R protobuf-Bytes,458
stubGRPCPeoplePeopleInfoServiceStub P-R,140
stubGRPCPeopleimagePeopleInfoServiceStub PI-R protobuf-String,1250
stubGRPCPeopleimagePeopleInfoServiceStub PI-R protobuf-Bytes,1190
stubGRPCPeopleimagePeopleInfoBServiceStub PIB-R protobuf-Bytes,443
stubGRPCPeoplePeopleInfoServiceStub P-R,145
stubGRPCPeopleimagePeopleInfoServiceStub PI-R protobuf-String,1229
stubGRPCPeopleimagePeopleInfoServiceStub PI-R protobuf-Bytes,1131
stubGRPCPeopleimagePeopleInfoBServiceStub PIB-R protobuf-Bytes,446
stubGRPCPeoplePeopleInfoServiceStub P-R,141
stubGRPCPeopleimagePeopleInfoServiceStub PI-R protobuf-String,1235
stubGRPCPeopleimagePeopleInfoServiceStub PI-R protobuf-Bytes,1156
stubGRPCPeopleimagePeopleInfoBServiceStub PIB-R protobuf-Bytes,460
stubGRPCPeoplePeopleInfoServiceStub P-R,143
stubGRPCPeopleimagePeopleInfoServiceStub PI-R protobuf-String,1230
stubGRPCPeopleimagePeopleInfoServiceStub PI-R protobuf-Bytes,1121
stubGRPCPeopleimagePeopleInfoBServiceStub PIB-R protobuf-Bytes,453
stubGRPCPeoplePeopleInfoServiceStub P-R,145
stubGRPCPeopleimagePeopleInfoServiceStub PI-R protobuf-String,1261
stubGRPCPeopleimagePeopleInfoServiceStub PI-R protobuf-Bytes,1161
stubGRPCPeopleimagePeopleInfoBServiceStub PIB-R protobuf-Bytes,463
stubGRPCPeoplePeopleInfoServiceStub P-R,145
stubGRPCPeopleimagePeopleInfoServiceStub PI-R protobuf-String,1235
stubGRPCPeopleimagePeopleInfoServiceStub PI-R protobuf-Bytes,1142
stubGRPCPeopleimagePeopleInfoBServiceStub PIB-R protobuf-Bytes,448
stubGRPCPeoplePeopleInfoServiceStub P-R,148
stubGRPCPeopleimagePeopleInfoServiceStub PI-R protobuf-String,1233
stubGRPCPeopleimagePeopleInfoServiceStub PI-R protobuf-Bytes,1227
stubGRPCPeopleimagePeopleInfoBServiceStub PIB-R protobuf-Bytes,491
stubGRPCPeoplePeopleInfoServiceStub P-R,162
stubGRPCPeopleimagePeopleInfoServiceStub PI-R protobuf-String,1368
stubGRPCPeopleimagePeopleInfoServiceStub PI-R protobuf-Bytes,1240
stubGRPCPeopleimagePeopleInfoBServiceStub PIB-R protobuf-Bytes,505
stubGRPCPeoplePeopleInfoServiceStub P-R,166
stubGRPCPeopleimagePeopleInfoServiceStub PI-R protobuf-String,1338
stubGRPCPeopleimagePeopleInfoServiceStub PI-R protobuf-Bytes,1214
stubGRPCPeopleimagePeopleInfoBServiceStub PIB-R protobuf-Bytes,487
stubGRPCPeoplePeopleInfoServiceStub P-R,164
stubGRPCPeopleimagePeopleInfoServiceStub PI-R protobuf-String,1240
stubGRPCPeopleimagePeopleInfoServiceStub PI-R protobuf-Bytes,1168
stubGRPCPeopleimagePeopleInfoBServiceStub PIB-R protobuf-Bytes,535
stubGRPCPeoplePeopleInfoServiceStub P-R,151
stubGRPCPeopleimagePeopleInfoServiceStub PI-R protobuf-String,1302
stubGRPCPeopleimagePeopleInfoServiceStub PI-R protobuf-Bytes,1204
stubGRPCPeopleimagePeopleInfoBServiceStub PIB-R protobuf-Bytes,451
stubGRPCPeoplePeopleInfoServiceStub P-R,143
stubGRPCPeopleimagePeopleInfoServiceStub PI-R protobuf-String,1231
stubGRPCPeopleimagePeopleInfoServiceStub PI-R protobuf-Bytes,1141
stubGRPCPeopleimagePeopleInfoBServiceStub PIB-R protobuf-Bytes,462
stubGRPCPeoplePeopleInfoServiceStub P-R,146
stubGRPCPeopleimagePeopleInfoServiceStub PI-R protobuf-String,1242
stubGRPCPeopleimagePeopleInfoServiceStub PI-R protobuf-Bytes,1137
stubGRPCPeopleimagePeopleInfoBServiceStub PIB-R protobuf-Bytes,461
stubGRPCPeoplePeopleInfoServiceStub P-R,144
stubGRPCPeopleimagePeopleInfoServiceStub PI-R protobuf-String,1251
stubGRPCPeopleimagePeopleInfoServiceStub PI-R protobuf-Bytes,1136
stubGRPCPeopleimagePeopleInfoBServiceStub PIB-R protobuf-Bytes,441
stubGRPCPeoplePeopleInfoServiceStub P-R,142
stubGRPCPeopleimagePeopleInfoServiceStub PI-R protobuf-String,1231
stubGRPCPeopleimagePeopleInfoServiceStub PI-R protobuf-Bytes,1132
stubGRPCPeopleimagePeopleInfoBServiceStub PIB-R protobuf-Bytes,512
stubGRPCPeoplePeopleInfoServiceStub P-R,144
stubGRPCPeopleimagePeopleInfoServiceStub PI-R protobuf-String,1228
stubGRPCPeopleimagePeopleInfoServiceStub PI-R protobuf-Bytes,1141
stubGRPCPeopleimagePeopleInfoBServiceStub PIB-R protobuf-Bytes,447
stubGRPCPeoplePeopleInfoServiceStub P-R,141
stubGRPCPeopleimagePeopleInfoServiceStub PI-R protobuf-String,1280
stubGRPCPeopleimagePeopleInfoServiceStub PI-R protobuf-Bytes,1131
stubGRPCPeopleimagePeopleInfoBServiceStub PIB-R protobuf-Bytes,445
stubGRPCPeoplePeopleInfoServiceStub P-R,151
stubGRPCPeopleimagePeopleInfoServiceStub PI-R protobuf-String,1245
stubGRPCPeopleimagePeopleInfoServiceStub PI-R protobuf-Bytes,1157
stubGRPCPeopleimagePeopleInfoBServiceStub PIB-R protobuf-Bytes,473
stubGRPCPeoplePeopleInfoServiceStub P-R,145
stubGRPCPeopleimagePeopleInfoServiceStub PI-R protobuf-String,1264
stubGRPCPeopleimagePeopleInfoServiceStub PI-R protobuf-Bytes,1138
stubGRPCPeopleimagePeopleInfoBServiceStub PIB-R protobuf-Bytes,455
stubGRPCPeoplePeopleInfoServiceStub P-R,146
stubGRPCPeopleimagePeopleInfoServiceStub PI-R protobuf-String,1236
stubGRPCPeopleimagePeopleInfoServiceStub PI-R protobuf-Bytes,1142
stubGRPCPeopleimagePeopleInfoBServiceStub PIB-R protobuf-Bytes,465
stubGRPCPeoplePeopleInfoServiceStub P-R,146
stubGRPCPeopleimagePeopleInfoServiceStub PI-R protobuf-String,1235
stubGRPCPeopleimagePeopleInfoServiceStub PI-R protobuf-Bytes,1129
stubGRPCPeopleimagePeopleInfoBServiceStub PIB-R protobuf-Bytes,448
stubGRPCPeoplePeopleInfoServiceStub P-R,145
stubGRPCPeopleimagePeopleInfoServiceStub PI-R protobuf-String,1237
stubGRPCPeopleimagePeopleInfoServiceStub PI-R protobuf-Bytes,1192
stubGRPCPeopleimagePeopleInfoBServiceStub PIB-R protobuf-Bytes,489










peopleProtoService (JSON send),262
peopleProtoService (Full protobuf),249
peopleImageStringProtoService (JSON send),2236
peopleImageStringProtoService (Full protobuf),2227
peopleImageBytesProtoService (JSON send),861
peopleImageBytesProtoService (Full protobuf),868
peopleImageBytesProtoService, PIR (JSON send),1549
peopleImageBytesProtoService, PIR (Full protobuf),1544
peopleProtoService (JSON send),263
peopleProtoService (Full protobuf),258
peopleImageStringProtoService (JSON send),2380
peopleImageStringProtoService (Full protobuf),2535
peopleImageBytesProtoService (JSON send),951
peopleImageBytesProtoService (Full protobuf),952
peopleImageBytesProtoService, PIR (JSON send),1664
peopleImageBytesProtoService, PIR (Full protobuf),1646
peopleProtoService (JSON send),262
peopleProtoService (Full protobuf),255
peopleImageStringProtoService (JSON send),2224
peopleImageStringProtoService (Full protobuf),2263
peopleImageBytesProtoService (JSON send),871
peopleImageBytesProtoService (Full protobuf),866
peopleImageBytesProtoService, PIR (JSON send),1551
peopleImageBytesProtoService, PIR (Full protobuf),1563
peopleProtoService (JSON send),258
peopleProtoService (Full protobuf),264
peopleImageStringProtoService (JSON send),2230
peopleImageStringProtoService (Full protobuf),2211
peopleImageBytesProtoService (JSON send),875
peopleImageBytesProtoService (Full protobuf),887
peopleImageBytesProtoService, PIR (JSON send),1545
peopleImageBytesProtoService, PIR (Full protobuf),1576
peopleProtoService (JSON send),258
peopleProtoService (Full protobuf),262
peopleImageStringProtoService (JSON send),2270
peopleImageStringProtoService (Full protobuf),2213
peopleImageBytesProtoService (JSON send),869
peopleImageBytesProtoService (Full protobuf),871
peopleImageBytesProtoService, PIR (JSON send),1553
peopleImageBytesProtoService, PIR (Full protobuf),1566
peopleProtoService (JSON send),257
peopleProtoService (Full protobuf),246
peopleImageStringProtoService (JSON send),2208
peopleImageStringProtoService (Full protobuf),2221
peopleImageBytesProtoService (JSON send),870
peopleImageBytesProtoService (Full protobuf),864
peopleImageBytesProtoService, PIR (JSON send),1600
peopleImageBytesProtoService, PIR (Full protobuf),1680
peopleProtoService (JSON send),255
peopleProtoService (Full protobuf),255
peopleImageStringProtoService (JSON send),2224
peopleImageStringProtoService (Full protobuf),2222
peopleImageBytesProtoService (JSON send),872
peopleImageBytesProtoService (Full protobuf),876
peopleImageBytesProtoService, PIR (JSON send),1576
peopleImageBytesProtoService, PIR (Full protobuf),1570
peopleProtoService (JSON send),266
peopleProtoService (Full protobuf),248
peopleImageStringProtoService (JSON send),2336
peopleImageStringProtoService (Full protobuf),2409
peopleImageBytesProtoService (JSON send),881
peopleImageBytesProtoService (Full protobuf),868
peopleImageBytesProtoService, PIR (JSON send),1557
peopleImageBytesProtoService, PIR (Full protobuf),1590
peopleProtoService (JSON send),300
peopleProtoService (Full protobuf),306
peopleImageStringProtoService (JSON send),2450
peopleImageStringProtoService (Full protobuf),2420
peopleImageBytesProtoService (JSON send),919
peopleImageBytesProtoService (Full protobuf),916
peopleImageBytesProtoService, PIR (JSON send),1688
peopleImageBytesProtoService, PIR (Full protobuf),1550
peopleProtoService (JSON send),242
peopleProtoService (Full protobuf),233
peopleImageStringProtoService (JSON send),2201
peopleImageStringProtoService (Full protobuf),2207
peopleImageBytesProtoService (JSON send),862
peopleImageBytesProtoService (Full protobuf),862
peopleImageBytesProtoService, PIR (JSON send),1547
peopleImageBytesProtoService, PIR (Full protobuf),1538
peopleProtoService (JSON send),245
peopleProtoService (Full protobuf),230
peopleImageStringProtoService (JSON send),2239
peopleImageStringProtoService (Full protobuf),2223
peopleImageBytesProtoService (JSON send),858
peopleImageBytesProtoService (Full protobuf),892
peopleImageBytesProtoService, PIR (JSON send),1553
peopleImageBytesProtoService, PIR (Full protobuf),1550
peopleProtoService (JSON send),245
peopleProtoService (Full protobuf),233
peopleImageStringProtoService (JSON send),2196
peopleImageStringProtoService (Full protobuf),2205
peopleImageBytesProtoService (JSON send),851
peopleImageBytesProtoService (Full protobuf),840
peopleImageBytesProtoService, PIR (JSON send),1664
peopleImageBytesProtoService, PIR (Full protobuf),1532
peopleProtoService (JSON send),240
peopleProtoService (Full protobuf),236
peopleImageStringProtoService (JSON send),2199
peopleImageStringProtoService (Full protobuf),2191
peopleImageBytesProtoService (JSON send),853
peopleImageBytesProtoService (Full protobuf),876
peopleImageBytesProtoService, PIR (JSON send),1553
peopleImageBytesProtoService, PIR (Full protobuf),1542
peopleProtoService (JSON send),240
peopleProtoService (Full protobuf),233
peopleImageStringProtoService (JSON send),2221
peopleImageStringProtoService (Full protobuf),2231
peopleImageBytesProtoService (JSON send),944
peopleImageBytesProtoService (Full protobuf),859
peopleImageBytesProtoService, PIR (JSON send),1532
peopleImageBytesProtoService, PIR (Full protobuf),1540
peopleProtoService (JSON send),237
peopleProtoService (Full protobuf),234
peopleImageStringProtoService (JSON send),2195
peopleImageStringProtoService (Full protobuf),2199
peopleImageBytesProtoService (JSON send),851
peopleImageBytesProtoService (Full protobuf),855
peopleImageBytesProtoService, PIR (JSON send),1545
peopleImageBytesProtoService, PIR (Full protobuf),1618
peopleProtoService (JSON send),239
peopleProtoService (Full protobuf),284
peopleImageStringProtoService (JSON send),2419
peopleImageStringProtoService (Full protobuf),2415
peopleImageBytesProtoService (JSON send),943
peopleImageBytesProtoService (Full protobuf),984
peopleImageBytesProtoService, PIR (JSON send),1844
peopleImageBytesProtoService, PIR (Full protobuf),1800
peopleProtoService (JSON send),262
peopleProtoService (Full protobuf),239
peopleImageStringProtoService (JSON send),2207
peopleImageStringProtoService (Full protobuf),2229
peopleImageBytesProtoService (JSON send),863
peopleImageBytesProtoService (Full protobuf),869
peopleImageBytesProtoService, PIR (JSON send),1547
peopleImageBytesProtoService, PIR (Full protobuf),1554
peopleProtoService (JSON send),242
peopleProtoService (Full protobuf),237
peopleImageStringProtoService (JSON send),2217
peopleImageStringProtoService (Full protobuf),2230
peopleImageBytesProtoService (JSON send),865
peopleImageBytesProtoService (Full protobuf),846
peopleImageBytesProtoService, PIR (JSON send),1547
peopleImageBytesProtoService, PIR (Full protobuf),1532
peopleProtoService (JSON send),240
peopleProtoService (Full protobuf),238
peopleImageStringProtoService (JSON send),2209
peopleImageStringProtoService (Full protobuf),2193
peopleImageBytesProtoService (JSON send),852
peopleImageBytesProtoService (Full protobuf),852
peopleImageBytesProtoService, PIR (JSON send),1547
peopleImageBytesProtoService, PIR (Full protobuf),1546
peopleProtoService (JSON send),240
peopleProtoService (Full protobuf),233
peopleImageStringProtoService (JSON send),2214
peopleImageStringProtoService (Full protobuf),2216
peopleImageBytesProtoService (JSON send),860
peopleImageBytesProtoService (Full protobuf),931
peopleImageBytesProtoService, PIR (JSON send),1591
peopleImageBytesProtoService, PIR (Full protobuf),1552
peopleProtoService (JSON send),236
peopleProtoService (Full protobuf),234
peopleImageStringProtoService (JSON send),2209
peopleImageStringProtoService (Full protobuf),2199
peopleImageBytesProtoService (JSON send),837
peopleImageBytesProtoService (Full protobuf),837
peopleImageBytesProtoService, PIR (JSON send),1545
peopleImageBytesProtoService, PIR (Full protobuf),1530
peopleProtoService (JSON send),245
peopleProtoService (Full protobuf),236
peopleImageStringProtoService (JSON send),2202
peopleImageStringProtoService (Full protobuf),2201
peopleImageBytesProtoService (JSON send),868
peopleImageBytesProtoService (Full protobuf),856
peopleImageBytesProtoService, PIR (JSON send),1544
peopleImageBytesProtoService, PIR (Full protobuf),1537
peopleProtoService (JSON send),244
peopleProtoService (Full protobuf),262
peopleImageStringProtoService (JSON send),2323
peopleImageStringProtoService (Full protobuf),2422
peopleImageBytesProtoService (JSON send),922
peopleImageBytesProtoService (Full protobuf),928
peopleImageBytesProtoService, PIR (JSON send),1679
peopleImageBytesProtoService, PIR (Full protobuf),1676
peopleProtoService (JSON send),240
peopleProtoService (Full protobuf),231
peopleImageStringProtoService (JSON send),2212
peopleImageStringProtoService (Full protobuf),2199
peopleImageBytesProtoService (JSON send),850
peopleImageBytesProtoService (Full protobuf),846
peopleImageBytesProtoService, PIR (JSON send),1541
peopleImageBytesProtoService, PIR (Full protobuf),1530
peopleProtoService (JSON send),240
peopleProtoService (Full protobuf),242
peopleImageStringProtoService (JSON send),2194
peopleImageStringProtoService (Full protobuf),2185
peopleImageBytesProtoService (JSON send),847
peopleImageBytesProtoService (Full protobuf),843
peopleImageBytesProtoService, PIR (JSON send),1534
peopleImageBytesProtoService, PIR (Full protobuf),1530
peopleProtoService (JSON send),246
peopleProtoService (Full protobuf),236
peopleImageStringProtoService (JSON send),2216
peopleImageStringProtoService (Full protobuf),2213
peopleImageBytesProtoService (JSON send),862
peopleImageBytesProtoService (Full protobuf),876
peopleImageBytesProtoService, PIR (JSON send),1603
peopleImageBytesProtoService, PIR (Full protobuf),1610
peopleProtoService (JSON send),249
peopleProtoService (Full protobuf),229
peopleImageStringProtoService (JSON send),2219
peopleImageStringProtoService (Full protobuf),2217
peopleImageBytesProtoService (JSON send),855
peopleImageBytesProtoService (Full protobuf),851
peopleImageBytesProtoService, PIR (JSON send),1539
peopleImageBytesProtoService, PIR (Full protobuf),1540
peopleProtoService (JSON send),249
peopleProtoService (Full protobuf),237
peopleImageStringProtoService (JSON send),2196
peopleImageStringProtoService (Full protobuf),2185
peopleImageBytesProtoService (JSON send),932
peopleImageBytesProtoService (Full protobuf),861
peopleImageBytesProtoService, PIR (JSON send),1538
peopleImageBytesProtoService, PIR (Full protobuf),1539
peopleProtoService (JSON send),261
peopleProtoService (Full protobuf),238
peopleImageStringProtoService (JSON send),2211
peopleImageStringProtoService (Full protobuf),2207
peopleImageBytesProtoService (JSON send),868
peopleImageBytesProtoService (Full protobuf),861
peopleImageBytesProtoService, PIR (JSON send),1548
peopleImageBytesProtoService, PIR (Full protobuf),1532
peopleProtoService (JSON send),250
peopleProtoService (Full protobuf),236
peopleImageStringProtoService (JSON send),2318
peopleImageStringProtoService (Full protobuf),2437
peopleImageBytesProtoService (JSON send),932
peopleImageBytesProtoService (Full protobuf),914
peopleImageBytesProtoService, PIR (JSON send),1669
peopleImageBytesProtoService, PIR (Full protobuf),1679
peopleProtoService (JSON send),281
peopleProtoService (Full protobuf),261
peopleImageStringProtoService (JSON send),2205
peopleImageStringProtoService (Full protobuf),2182
peopleImageBytesProtoService (JSON send),839
peopleImageBytesProtoService (Full protobuf),849
peopleImageBytesProtoService, PIR (JSON send),1556
peopleImageBytesProtoService, PIR (Full protobuf),1551
peopleProtoService (JSON send),243
peopleProtoService (Full protobuf),248
peopleImageStringProtoService (JSON send),2223
peopleImageStringProtoService (Full protobuf),2220
peopleImageBytesProtoService (JSON send),843
peopleImageBytesProtoService (Full protobuf),864
peopleImageBytesProtoService, PIR (JSON send),1547
peopleImageBytesProtoService, PIR (Full protobuf),1578
peopleProtoService (JSON send),323
peopleProtoService (Full protobuf),284
peopleImageStringProtoService (JSON send),2344
peopleImageStringProtoService (Full protobuf),2206
peopleImageBytesProtoService (JSON send),847
peopleImageBytesProtoService (Full protobuf),860
peopleImageBytesProtoService, PIR (JSON send),1553
peopleImageBytesProtoService, PIR (Full protobuf),1540
peopleProtoService (JSON send),248
peopleProtoService (Full protobuf),241
peopleImageStringProtoService (JSON send),2189
peopleImageStringProtoService (Full protobuf),2197
peopleImageBytesProtoService (JSON send),835
peopleImageBytesProtoService (Full protobuf),850
peopleImageBytesProtoService, PIR (JSON send),1535
peopleImageBytesProtoService, PIR (Full protobuf),1550
peopleProtoService (JSON send),239
peopleProtoService (Full protobuf),235
peopleImageStringProtoService (JSON send),2226
peopleImageStringProtoService (Full protobuf),2217
peopleImageBytesProtoService (JSON send),854
peopleImageBytesProtoService (Full protobuf),870
peopleImageBytesProtoService, PIR (JSON send),1543
peopleImageBytesProtoService, PIR (Full protobuf),1535
peopleProtoService (JSON send),237
peopleProtoService (Full protobuf),243
peopleImageStringProtoService (JSON send),2217
peopleImageStringProtoService (Full protobuf),2201
peopleImageBytesProtoService (JSON send),863
peopleImageBytesProtoService (Full protobuf),850
peopleImageBytesProtoService, PIR (JSON send),1535
peopleImageBytesProtoService, PIR (Full protobuf),1532
peopleProtoService (JSON send),240
peopleProtoService (Full protobuf),234
peopleImageStringProtoService (JSON send),2353
peopleImageStringProtoService (Full protobuf),2581
peopleImageBytesProtoService (JSON send),953
peopleImageBytesProtoService (Full protobuf),928
peopleImageBytesProtoService, PIR (JSON send),1780
peopleImageBytesProtoService, PIR (Full protobuf),1682
peopleProtoService (JSON send),289
peopleProtoService (Full protobuf),271
peopleImageStringProtoService (JSON send),2310
peopleImageStringProtoService (Full protobuf),2198
peopleImageBytesProtoService (JSON send),924
peopleImageBytesProtoService (Full protobuf),847
peopleImageBytesProtoService, PIR (JSON send),1556
peopleImageBytesProtoService, PIR (Full protobuf),1549
peopleProtoService (JSON send),239
peopleProtoService (Full protobuf),236
peopleImageStringProtoService (JSON send),2314
peopleImageStringProtoService (Full protobuf),2210
peopleImageBytesProtoService (JSON send),854
peopleImageBytesProtoService (Full protobuf),846
peopleImageBytesProtoService, PIR (JSON send),1549
peopleImageBytesProtoService, PIR (Full protobuf),1535
peopleProtoService (JSON send),244
peopleProtoService (Full protobuf),232
peopleImageStringProtoService (JSON send),2228
peopleImageStringProtoService (Full protobuf),2186
peopleImageBytesProtoService (JSON send),839
peopleImageBytesProtoService (Full protobuf),843
peopleImageBytesProtoService, PIR (JSON send),1531
peopleImageBytesProtoService, PIR (Full protobuf),1533
peopleProtoService (JSON send),237
peopleProtoService (Full protobuf),232
peopleImageStringProtoService (JSON send),2237
peopleImageStringProtoService (Full protobuf),2194
peopleImageBytesProtoService (JSON send),856
peopleImageBytesProtoService (Full protobuf),869
peopleImageBytesProtoService, PIR (JSON send),1551
peopleImageBytesProtoService, PIR (Full protobuf),1537
peopleProtoService (JSON send),247
peopleProtoService (Full protobuf),230
peopleImageStringProtoService (JSON send),2198
peopleImageStringProtoService (Full protobuf),2207
peopleImageBytesProtoService (JSON send),868
peopleImageBytesProtoService (Full protobuf),862
peopleImageBytesProtoService, PIR (JSON send),1535
peopleImageBytesProtoService, PIR (Full protobuf),1528
peopleProtoService (JSON send),249
peopleProtoService (Full protobuf),231
peopleImageStringProtoService (JSON send),2193
peopleImageStringProtoService (Full protobuf),2200
peopleImageBytesProtoService (JSON send),833
peopleImageBytesProtoService (Full protobuf),837
peopleImageBytesProtoService, PIR (JSON send),1534
peopleImageBytesProtoService, PIR (Full protobuf),1542
peopleProtoService (JSON send),242
peopleProtoService (Full protobuf),233
peopleImageStringProtoService (JSON send),2218
peopleImageStringProtoService (Full protobuf),2362
peopleImageBytesProtoService (JSON send),923
peopleImageBytesProtoService (Full protobuf),911
peopleImageBytesProtoService, PIR (JSON send),1690
peopleImageBytesProtoService, PIR (Full protobuf),1697
peopleProtoService (JSON send),273
peopleProtoService (Full protobuf),267
peopleImageStringProtoService (JSON send),2297
peopleImageStringProtoService (Full protobuf),2301
peopleImageBytesProtoService (JSON send),858
peopleImageBytesProtoService (Full protobuf),856
peopleImageBytesProtoService, PIR (JSON send),1544
peopleImageBytesProtoService, PIR (Full protobuf),1532
peopleProtoService (JSON send),247
peopleProtoService (Full protobuf),234
peopleImageStringProtoService (JSON send),2184
peopleImageStringProtoService (Full protobuf),2191
peopleImageBytesProtoService (JSON send),850
peopleImageBytesProtoService (Full protobuf),829
peopleImageBytesProtoService, PIR (JSON send),1525
peopleImageBytesProtoService, PIR (Full protobuf),1554
peopleProtoService (JSON send),248
peopleProtoService (Full protobuf),226
peopleImageStringProtoService (JSON send),2221
peopleImageStringProtoService (Full protobuf),2208
peopleImageBytesProtoService (JSON send),858
peopleImageBytesProtoService (Full protobuf),849
peopleImageBytesProtoService, PIR (JSON send),1566
peopleImageBytesProtoService, PIR (Full protobuf),1557
peopleProtoService (JSON send),245
peopleProtoService (Full protobuf),244
peopleImageStringProtoService (JSON send),2197
peopleImageStringProtoService (Full protobuf),2203
peopleImageBytesProtoService (JSON send),851
peopleImageBytesProtoService (Full protobuf),849
peopleImageBytesProtoService, PIR (JSON send),1566
peopleImageBytesProtoService, PIR (Full protobuf),1544
peopleProtoService (JSON send),274
peopleProtoService (Full protobuf),256
peopleImageStringProtoService (JSON send),2223
peopleImageStringProtoService (Full protobuf),2214
peopleImageBytesProtoService (JSON send),868
peopleImageBytesProtoService (Full protobuf),841
peopleImageBytesProtoService, PIR (JSON send),1527
peopleImageBytesProtoService, PIR (Full protobuf),1528
peopleProtoService (JSON send),238
peopleProtoService (Full protobuf),228
peopleImageStringProtoService (JSON send),2218
peopleImageStringProtoService (Full protobuf),2218
peopleImageBytesProtoService (JSON send),858
peopleImageBytesProtoService (Full protobuf),846
peopleImageBytesProtoService, PIR (JSON send),1548
peopleImageBytesProtoService, PIR (Full protobuf),1546










peopleService (not all json),280
peopleService (JSON),253
peopleImageService (JSON),2276
peopleService (not all json),405
peopleService (JSON),309
peopleImageService (JSON),2230
peopleService (not all json),333
peopleService (JSON),288
peopleImageService (JSON),2197
peopleService (not all json),329
peopleService (JSON),297
peopleImageService (JSON),2125
peopleService (not all json),279
peopleService (JSON),251
peopleImageService (JSON),2000
peopleService (not all json),275
peopleService (JSON),250
peopleImageService (JSON),2018
peopleService (not all json),280
peopleService (JSON),252
peopleImageService (JSON),2004
peopleService (not all json),269
peopleService (JSON),249
peopleImageService (JSON),2024
peopleService (not all json),278
peopleService (JSON),282
peopleImageService (JSON),2043
peopleService (not all json),273
peopleService (JSON),258
peopleImageService (JSON),2016
peopleService (not all json),287
peopleService (JSON),248
peopleImageService (JSON),2004
peopleService (not all json),273
peopleService (JSON),246
peopleImageService (JSON),2011
peopleService (not all json),274
peopleService (JSON),255
peopleImageService (JSON),2287
peopleService (not all json),390
peopleService (JSON),314
peopleImageService (JSON),2042
peopleService (not all json),278
peopleService (JSON),254
peopleImageService (JSON),1998
peopleService (not all json),274
peopleService (JSON),279
peopleImageService (JSON),2054
peopleService (not all json),276
peopleService (JSON),260
peopleImageService (JSON),2031
peopleService (not all json),279
peopleService (JSON),265
peopleImageService (JSON),2122
peopleService (not all json),274
peopleService (JSON),258
peopleImageService (JSON),2059
peopleService (not all json),280
peopleService (JSON),259
peopleImageService (JSON),2044
peopleService (not all json),275
peopleService (JSON),248
peopleImageService (JSON),2010
peopleService (not all json),291
peopleService (JSON),241
peopleImageService (JSON),2029
peopleService (not all json),332
peopleService (JSON),272
peopleImageService (JSON),2143
peopleService (not all json),284
peopleService (JSON),244
peopleImageService (JSON),2007
peopleService (not all json),393
peopleService (JSON),343
peopleImageService (JSON),2011
peopleService (not all json),277
peopleService (JSON),245
peopleImageService (JSON),1994
peopleService (not all json),276
peopleService (JSON),255
peopleImageService (JSON),2048
peopleService (not all json),335
peopleService (JSON),308
peopleImageService (JSON),2220
peopleService (not all json),342
peopleService (JSON),312
peopleImageService (JSON),2211
peopleService (not all json),384
peopleService (JSON),358
peopleImageService (JSON),2244
peopleService (not all json),341
peopleService (JSON),313
peopleImageService (JSON),2103
peopleService (not all json),276
peopleService (JSON),258
peopleImageService (JSON),2004
peopleService (not all json),283
peopleService (JSON),245
peopleImageService (JSON),2013
peopleService (not all json),271
peopleService (JSON),266
peopleImageService (JSON),1989
peopleService (not all json),275
peopleService (JSON),241
peopleImageService (JSON),2009
peopleService (not all json),285
peopleService (JSON),261
peopleImageService (JSON),2001
peopleService (not all json),284
peopleService (JSON),252
peopleImageService (JSON),1999
peopleService (not all json),270
peopleService (JSON),260
peopleImageService (JSON),1987
peopleService (not all json),283
peopleService (JSON),265
peopleImageService (JSON),2024
peopleService (not all json),276
peopleService (JSON),261
peopleImageService (JSON),2000
peopleService (not all json),270
peopleService (JSON),257
peopleImageService (JSON),1992
peopleService (not all json),276
peopleService (JSON),263
peopleImageService (JSON),2015
peopleService (not all json),278
peopleService (JSON),244
peopleImageService (JSON),2024
peopleService (not all json),277
peopleService (JSON),256
peopleImageService (JSON),2009
peopleService (not all json),282
peopleService (JSON),250
peopleImageService (JSON),2017
peopleService (not all json),276
peopleService (JSON),263
peopleImageService (JSON),2011
peopleService (not all json),278
peopleService (JSON),249
peopleImageService (JSON),1995
peopleService (not all json),282
peopleService (JSON),241
peopleImageService (JSON),2110
peopleService (not all json),295
peopleService (JSON),239
peopleImageService (JSON),2015
peopleService (not all json),276
peopleService (JSON),254
peopleImageService (JSON),1996
